date,time,type,ip,task,channel,action,on_complete,status
2026-03-18,09:00,assign,IP-027,IP-027-QA,QA,Giao task: seminar + viết bài kiểm thử AI Agentic,IP-027-QA → doing,done
2026-03-18,09:00,assign,IP-027,IP-027-DES,DES,Giao task: seminar + viết bài thiết kế + redesign website concept,IP-027-DES → doing,done
2026-03-18,09:00,assign,IP-027,IP-027-DEV,DEV,Giao task: seminar + viết bài quản lý dự án AI Agentic,IP-027-DEV → doing,done
2026-03-18,09:00,assign,IP-027,IP-027-MKT,MKT,Giao task: cập nhật branding + bài viết + học SB7,IP-027-MKT → doing,done
2026-03-18,09:00,assign,IP-003,IP-003-DEV,C-LEVEL,Giao task: Tool đồng bộ MM + tập trung hoá calendar,IP-003-DEV → doing,done
2026-03-18,09:00,assign,IP-028,IP-028-BST,C-LEVEL,Giao task: viết bài cách Cyberk xây dựng hệ thống Agentic,IP-028-BST → doing,done
2026-05-20,09:00,follow,IP-028,IP-028-BST,C-LEVEL,Mid-point check: outline xong chưa? cần hỗ trợ gì?,Cập nhật Execution Plan,pending
2026-05-30,09:00,follow,IP-028,IP-028-BST,C-LEVEL,Thu kết quả: bài viết + diagrams,Cập nhật trạng thái,pending
2026-05-30,18:00,review,IP-028,,CEO,Review bài viết Agentic Engineering của Huy,Ghi note vào Thực tế,pending
2026-03-24,09:00,follow,IP-027,,ALL,Mid-point check: seminar đã lên lịch chưa? bài viết draft xong chưa? deadline 31/03 nhé.,Cập nhật trạng thái,done
2026-03-28,09:00,follow,IP-027,,ALL,Nhắc trước deadline: bài viết + slide seminar + branding update phải xong 31/03.,Cập nhật trạng thái,done
2026-03-31,09:00,follow,IP-027,,ALL,Hôm nay là deadline — thu kết quả toàn bộ.,Cập nhật trạng thái,done
2026-03-19,09:00,assign,IP-026,IP-026-DES,DES,Giao task: visual assets cho 5 trang website mới. Đọc ghi chú cuối mỗi content file.,IP-026-DES → doing,done
2026-03-22,09:00,follow,IP-026,IP-026-DES,DES,Nhắc giữa deadline: assets đang tiến triển thế nào? cần hỗ trợ gì? deadline 25/03 nhé.,Cập nhật trạng thái,done
2026-03-25,09:00,follow,IP-026,IP-026-DES,DES,Hôm nay là deadline — bạn nhớ hoàn thành visual assets nhé!,Cập nhật trạng thái,done
2026-03-29,09:00,assign,IP-026,IP-026-MKT,MKT,Giao task: review 5 trang website mới đã deploy. Kiểm tra nội dung + links + SEO + responsive.,IP-026-MKT → doing,done
2026-03-31,09:00,follow,IP-026,IP-026-MKT,MKT,Hôm nay là deadline — bạn nhớ hoàn thành review website nhé!,Cập nhật trạng thái,done
2026-04-09,09:00,assign,IP-032,IP-032-BST,LEADERS,Giao: thiết kế kiến trúc data pipeline + tech stack + data validation flow,IP-032-BST → doing,pending
2026-04-09,09:00,assign,IP-032,IP-032-DES,DES,Giao: thiết kế Figma capability page Data Pipeline cho website,IP-032-DES → doing,pending
2026-06-15,09:00,follow,IP-032,IP-032-BST,LEADERS,Đang tiến triển thế nào? Deadline 30/06 nhé,Cập nhật trạng thái,pending
2026-06-15,09:00,follow,IP-032,IP-032-DES,DES,Đang tiến triển thế nào? Deadline 30/06 nhé,Cập nhật trạng thái,pending
2026-06-30,09:00,follow,IP-032,IP-032-BST,LEADERS,Hôm nay là deadline — architecture doc nhé!,Cập nhật trạng thái,pending
2026-06-30,09:00,follow,IP-032,IP-032-DES,DES,Hôm nay là deadline — Figma mockup nhé!,Cập nhật trạng thái,pending
2026-05-13,09:00,assign,IP-032,IP-032-DEV,DEV,Giao: triển khai pipeline cho Relmo + Visible Brand dựa trên architecture doc,IP-032-DEV → doing,pending
2026-06-15,09:00,follow,IP-032,IP-032-DEV,DEV,Đang tiến triển thế nào? Deadline 30/06 nhé,Cập nhật trạng thái,pending
2026-06-30,09:00,follow,IP-032,IP-032-DEV,DEV,Hôm nay là deadline — pipeline chạy cho 2 dự án nhé!,Cập nhật trạng thái,pending
2026-07-01,09:00,follow,IP-032,IP-032-CEO,CEO,Deadline 08/07 — chốt khách hàng đầu tiên,Cập nhật trạng thái,pending
2026-07-08,09:00,review,IP-032,,CEO,Tổng hợp + review toàn bộ IP-032,Cập nhật Status IP,pending
2026-08-11,09:00,assign,IP-037,IP-037-LEADERS,LEADERS,Họp kick-off IP-037: align mục tiêu + phân công roles + xác nhận tool PM chuẩn,IP-037-LEADERS → doing,pending
2026-08-11,09:00,assign,IP-037,IP-037-ANNA,ALL,KR1 W33: 100% dự án Cyberk phải có Project Dashboard — Team Leads setup ngay trong tuần này,IP-037-ANNA → doing,pending
2026-08-11,09:00,assign,IP-037,IP-037-BRIAN,LEADERS,Setup dashboard template + kiểm kê dự án đang chạy theo từng team,IP-037-BRIAN → doing,pending
2026-08-11,09:00,assign,IP-037,IP-037-DEV,DEV,IP-037 KR1: Cung cấp danh sách dự án Dev + confirm Project Board trong tuần này,IP-037-DEV → doing,pending
2026-08-11,09:00,assign,IP-037,IP-037-DES,DES,IP-037 KR1: Cung cấp danh sách dự án Design + confirm Project Board trong tuần này,IP-037-DES → doing,pending
2026-08-11,09:00,assign,IP-037,IP-037-MEDIA,MKT,IP-037 KR1: Cung cấp danh sách dự án Media + confirm Project Board trong tuần này,IP-037-MEDIA → doing,pending
2026-08-11,09:00,assign,IP-037,IP-037-QA,QA,IP-037 KR1: Cung cấp danh sách dự án QA + confirm Project Board trong tuần này,IP-037-QA → doing,pending
2026-08-14,09:00,follow,IP-037,IP-037-BRIAN,LEADERS,Thứ 5 W33: Brian báo cáo — bao nhiêu dự án đã có dashboard? Team nào chưa xong?,Cập nhật trạng thái KR1,pending
2026-08-18,09:00,assign,IP-037,IP-037-ANNA,ALL,KR2 W34: 100% task mới phải có đủ Deadline + Assignee + Estimate + Label,IP-037-ANNA KR2 sent,pending
2026-08-21,09:00,follow,IP-037,IP-037-BRIAN,LEADERS,Thứ 5 W34: Brian báo cáo % task hợp lệ theo từng team. Nêu rõ member/team chưa comply.,Cập nhật trạng thái KR2,pending
2026-08-25,09:00,assign,IP-037,IP-037-ANNA,ALL,KR3 W35: 100% dự án phải có Weekly Sprint Dashboard — Brian tổng hợp mỗi thứ 6,IP-037-ANNA KR3 sent,pending
2026-08-28,09:00,follow,IP-037,IP-037-BRIAN,LEADERS,Thứ 5 W35: Brian báo cáo tỉ lệ dự án có sprint report. Team nào chưa xong?,Cập nhật trạng thái KR3,pending
2026-09-01,09:00,assign,IP-037,IP-037-ANNA,ALL,KR4 W36: 100% member phải có Personal Dashboard — Brian đã setup xong,IP-037-ANNA KR4 sent,pending
2026-09-04,09:00,follow,IP-037,IP-037-BRIAN,LEADERS,Thứ 5 W36: Brian báo cáo % member đã có personal dashboard. Nêu rõ ai chưa có.,Cập nhật trạng thái KR4,pending
2026-09-08,09:00,review,IP-037,,CEO,Review tổng kết IP-037: 4 KR đạt bao nhiêu %? Bài học gì? Quyết định next step.,Cập nhật Status IP-037 → done hoặc extend,pending
